Name,Height
Henry,193.41495940571
Blaze,186.85905084997
Daquan,165.29098527856
Julian,172.17503789951
Reuben,155.511554132
Macon,155.71303851144
Jason,175.35310919405
Ryder,176.07306735096
Rahim,168.25451514628
Omar,180.54797629236
Aidan,164.27016308092
Fitzgerald,174.94730429152
Allistair,183.99211746889
Colin,165.33888183197
Emmanuel,192.22290156833
Lev,192.52451787158
Amos,179.91014045131
Anthony,192.81137623535
Ryan,186.55218858131
Ashton,203.61268175038
Dillon,188.81919183876
Alec,182.62156359466
Luke,168.93652742112
Isaiah,179.66114030893
Quinlan,191.63411492736
Lucian,137.72819693544
Randall,173.39882129917
Upton,192.38341644716
Cadman,160.06758157908
Steven,187.87583175381
Macon,170.62756919168
Erasmus,172.50316898591
Anthony,171.70376435949
Dale,179.57627973001
Nathaniel,192.3271268657
Orlando,178.22173724034
Thane,196.29869623495
Dale,176.91565568554
Fuller,183.84934306815
Aidan,170.66302334018
Warren,136.63244871562
Donovan,186.28482960969
Evan,181.31435304541
Cruz,209.68128954984
Burke,181.35072116394
Moses,147.51114986074
Quamar,167.81885258332
Victor,172.58862534667
Jesse,153.58368492822
Conan,153.14881671185
Amir,177.63472796236
Merritt,189.51551131493
Dean,163.54135491797
Jin,155.5306495837
Erich,164.63156854286
Andrew,183.89227724808
Barrett,183.40816212842
Kirk,179.48439307616
Colt,161.8687848053
Talon,164.19874207293
Preston,177.88271228354
Lee,161.3682102848
Stone,168.28703839354
Isaiah,177.69029040773
Jack,156.94026668499
Dalton,183.01540736735
Noble,157.29894209094
Damian,175.0616644524
Preston,154.42536938968
Macon,171.03601615591
Marvin,177.06059822424
Moses,178.47736424098
Kyle,197.45065626886
Nero,183.25129697387
Reuben,186.2297872622
Oren,168.200870495
Silas,187.68088364071
Hyatt,172.23172275916
Harper,179.64292341909
Rigel,182.74330841101
Caesar,197.54636280117
Damian,164.87997009856
Barrett,186.86984354893
Rudyard,192.14332680148
Ray,173.68062525215
Christopher,171.60331905579
Philip,193.33490442755
Basil,179.57193718342
Giacomo,176.28867292019
Hammett,172.89007885203
Demetrius,185.07971359373
Howard,189.35549419362
Kasimir,167.72901430259
Phelan,175.54511148288
Hunter,185.55662893375
Xanthus,194.21814690594
Octavius,182.73350961111
Conan,180.23836242992
Raphael,166.46457424615
Kermit,198.37571697925